"File","Issues","LineNo","Len","Content","FullTag","TagLine2"
"404.html","TOO_LONG","10","168","The page you're looking for doesn't exist at GymTranning. Browse our library of science-based workout guides, training plans, and nutrition tools to find what you need.","<meta name=""description"" content=""The page you're looking for doesn't exist at GymTranning. Browse our library of science-based workout guides, training plans, and nutrition tools to find what you need."">",""
"about.html","DUPLICATE_TAGS+TOO_LONG","7","161","GymTranning provides evidence-based workout plans, nutrition guides, and interactive calculators. Discover our mission to make fitness science accessible to all.","<meta name=""description"" content=""GymTranning provides evidence-based workout plans, nutrition guides, and interactive calculators. Discover our mission to make fitness science accessible to all."">","<meta name=""description"" content=""GymTranning provides evidence-based workout plans, nutrition guides, and interactive calculators. Discover our mission to make fitness science accessible to all."">"
"accessibility.html","TOO_LONG","5","167","GymTranning is committed to digital accessibility. Learn about our WCAG 2.1 compliance, accessibility features, screen reader support, and keyboard navigation options.","<meta name=""description"" content=""GymTranning is committed to digital accessibility. Learn about our WCAG 2.1 compliance, accessibility features, screen reader support, and keyboard navigation options."">",""
"affiliate-disclosure.html","TOO_LONG","7","163","GymTranning affiliate disclosure: Learn about our affiliate relationships, how we earn commissions, and our commitment to honest, unbiased product recommendations.","<meta name=""description"" content=""GymTranning affiliate disclosure: Learn about our affiliate relationships, how we earn commissions, and our commitment to honest, unbiased product recommendations."">",""
"blog.html","DUPLICATE_TAGS+TOO_LONG","8","167","Explore GymTranning's expert fitness blog with science-based guides on training, nutrition, recovery, and mindset. Evidence-backed articles to transform your physique.","<meta name=""description"" content=""Explore GymTranning's expert fitness blog with science-based guides on training, nutrition, recovery, and mindset. Evidence-backed articles to transform your physique."">","<meta name=""description"" content=""Explore GymTranning's expert fitness blog with science-based guides on training, nutrition, recovery, and mindset. Evidence-backed articles to transform your physique."">"
"blog\advanced-back-isolation.html","DUPLICATE_TAGS+TOO_LONG","7","163","Target every muscle of your back with advanced isolation techniques. Cable pullovers, straight-arm pulldowns, and rear delt flyes for complete 3D back development.","<meta name=""description"" content=""Target every muscle of your back with advanced isolation techniques. Cable pullovers, straight-arm pulldowns, and rear delt flyes for complete 3D back development."">","<meta name=""description"" content=""Target every muscle of your back with advanced isolation techniques. Cable pullovers, straight-arm pulldowns, and rear delt flyes for complete 3D back development."">"
"blog\building-mid-back-thickness-with-rows.html","DUPLICATE_TAGS","7","138","Build a thick, dense back with barbell rows, dumbbell rows & cable rows. Learn form cues, rep ranges & the biomechanics of back thickness.","<meta name=""description"" content=""Build a thick, dense back with barbell rows, dumbbell rows & cable rows. Learn form cues, rep ranges & the biomechanics of back thickness."">","<meta name=""description"" content=""Build a thick, dense back with barbell rows, dumbbell rows & cable rows. Learn form cues, rep ranges & the biomechanics of back thickness."">"
"blog\complete-chest-development.html","DUPLICATE_TAGS","67","147","Build a complete chest with science-based training. Upper, middle & lower pec exercises, optimal angles & progressive overload strategies for mass.","<meta name=""description"" content=""Build a complete chest with science-based training. Upper, middle & lower pec exercises, optimal angles & progressive overload strategies for mass."">","<meta name=""description"" content=""Build a complete chest with science-based training. Upper, middle & lower pec exercises, optimal angles & progressive overload strategies for mass."">"
"blog\correcting-posture-exercises.html","DUPLICATE_TAGS+TOO_LONG","42","168","Fix forward head posture, rounded shoulders, and tech neck with our science-based 3-step protocol. Release tight muscles, mobilize joints, and strengthen weak patterns.","<meta name=""description"" content=""Fix forward head posture, rounded shoulders, and tech neck with our science-based 3-step protocol. Release tight muscles, mobilize joints, and strengthen weak patterns."">","<meta name=""description"" content=""Fix forward head posture, rounded shoulders, and tech neck with our science-based 3-step protocol. Release tight muscles, mobilize joints, and strengthen weak patterns."">"
"blog\deadlift-masterclass-strength-safety.html","DUPLICATE_TAGS","7","129","Master the deadlift with proper bracing, setup, and pull technique. Learn conventional vs sumo deadlifts for strength and safety.","<meta name=""description"" content=""Master the deadlift with proper bracing, setup, and pull technique. Learn conventional vs sumo deadlifts for strength and safety."">","<meta name=""description"" content=""Master the deadlift with proper bracing, setup, and pull technique. Learn conventional vs sumo deadlifts for strength and safety."">"
"blog\gut-health-fitness.html","DUPLICATE_TAGS","67","148","Your gut microbiome controls inflammation, nutrient absorption, and even muscle growth. Learn how to optimize gut health for better gym performance.","<meta name=""description"" content=""Your gut microbiome controls inflammation, nutrient absorption, and even muscle growth. Learn how to optimize gut health for better gym performance."">","<meta name=""description"" content=""Your gut microbiome controls inflammation, nutrient absorption, and even muscle growth. Learn how to optimize gut health for better gym performance."">"
"blog\hiit-vs-liss.html","DUPLICATE_TAGS","67","148","HIIT burns more calories per minute but LISS is sustainable. Compare the science behind both cardio methods and choose the right one for your goals.","<meta name=""description"" content=""HIIT burns more calories per minute but LISS is sustainable. Compare the science behind both cardio methods and choose the right one for your goals."">","<meta name=""description"" content=""HIIT burns more calories per minute but LISS is sustainable. Compare the science behind both cardio methods and choose the right one for your goals."">"
"blog\home-gym-budget.html","DUPLICATE_TAGS","67","127","Build a complete home gym for under $500. Budget breakdowns for bodyweight ($0), minimalist ($150), and iron enthusiast ($500).","<meta name=""description"" content=""Build a complete home gym for under $500. Budget breakdowns for bodyweight ($0), minimalist ($150), and iron enthusiast ($500)."">","<meta name=""description"" content=""Build a complete home gym for under $500. Budget breakdowns for bodyweight ($0), minimalist ($150), and iron enthusiast ($500)."">"
"blog\home-workout-essentials.html","DUPLICATE_TAGS","67","149","Build muscle at home with zero equipment. Bodyweight progressions, resistance band workouts, and adjustable dumbbell routines for all fitness levels.","<meta name=""description"" content=""Build muscle at home with zero equipment. Bodyweight progressions, resistance band workouts, and adjustable dumbbell routines for all fitness levels."">","<meta name=""description"" content=""Build muscle at home with zero equipment. Bodyweight progressions, resistance band workouts, and adjustable dumbbell routines for all fitness levels."">"
"blog\hydration-strategies.html","DUPLICATE_TAGS","7","140","How hydration affects muscle strength, endurance & recovery. Daily water intake guide for athletes, pre & post-workout hydration strategies.","<meta name=""description"" content=""How hydration affects muscle strength, endurance & recovery. Daily water intake guide for athletes, pre & post-workout hydration strategies."">","<meta name=""description"" content=""How hydration affects muscle strength, endurance & recovery. Daily water intake guide for athletes, pre & post-workout hydration strategies."">"
"blog\intermittent-fasting-guide.html","DUPLICATE_TAGS","67","142","Can you build muscle while intermittent fasting? Science-based guide to workout timing, protein distribution, and feeding windows for lifters.","<meta name=""description"" content=""Can you build muscle while intermittent fasting? Science-based guide to workout timing, protein distribution, and feeding windows for lifters."">","<meta name=""description"" content=""Can you build muscle while intermittent fasting? Science-based guide to workout timing, protein distribution, and feeding windows for lifters."">"
"blog\kettlebell-training-strength.html","DUPLICATE_TAGS","67","127","Master kettlebell swings, cleans, snatches, and Turkish get-ups to build explosive power and endurance with our complete guide.","<meta name=""description"" content=""Master kettlebell swings, cleans, snatches, and Turkish get-ups to build explosive power and endurance with our complete guide."">","<meta name=""description"" content=""Master kettlebell swings, cleans, snatches, and Turkish get-ups to build explosive power and endurance with our complete guide."">"
"blog\macro-counting-101.html","DUPLICATE_TAGS","67","142","Learn how to count macros for fat loss, muscle gain, or maintenance. Complete guide to flexible dieting with sample breakdowns for every goal.","<meta name=""description"" content=""Learn how to count macros for fat loss, muscle gain, or maintenance. Complete guide to flexible dieting with sample breakdowns for every goal."">","<meta name=""description"" content=""Learn how to count macros for fat loss, muscle gain, or maintenance. Complete guide to flexible dieting with sample breakdowns for every goal."">"
"blog\mastering-the-bench-press.html","DUPLICATE_TAGS","7","135","Master the bench press with proper setup, scapular retraction, leg drive, and bar path. Fix common mistakes and break through plateaus.","<meta name=""description"" content=""Master the bench press with proper setup, scapular retraction, leg drive, and bar path. Fix common mistakes and break through plateaus."">","<meta name=""description"" content=""Master the bench press with proper setup, scapular retraction, leg drive, and bar path. Fix common mistakes and break through plateaus."">"
"blog\ultimate-guide-fat-loss-part-13.html","TOO_LONG","157","174","Fat loss thermodynamics explained simply. Learn how calories in vs calories out works, why metabolic adaptation happens, and how to apply energy balance science for fat loss.","<meta name=""description"" content=""Fat loss thermodynamics explained simply. Learn how calories in vs calories out works, why metabolic adaptation happens, and how to apply energy balance science for fat loss."">",""
"blog\ultimate-guide-fat-loss-part-28.html","TOO_LONG","157","166","Create a sustainable calorie deficit for lasting fat loss. Learn the exact deficit size, protein targets, and adjustment strategies to lose fat without losing muscle.","<meta name=""description"" content=""Create a sustainable calorie deficit for lasting fat loss. Learn the exact deficit size, protein targets, and adjustment strategies to lose fat without losing muscle."">",""
"blog\ultimate-guide-fat-loss-part-37.html","TOO_LONG","157","165","Optimal macro distribution for fat loss while preserving muscle. Learn exact protein, carb, and fat ratios for cutting based on your body type and training schedule.","<meta name=""description"" content=""Optimal macro distribution for fat loss while preserving muscle. Learn exact protein, carb, and fat ratios for cutting based on your body type and training schedule."">",""
"blog\ultimate-guide-fat-loss-part-40.html","TOO_LONG","157","163","Control hunger and cravings while dieting. Learn how ghrelin, leptin, and GLP-1 affect appetite and practical strategies to manage hunger during a calorie deficit.","<meta name=""description"" content=""Control hunger and cravings while dieting. Learn how ghrelin, leptin, and GLP-1 affect appetite and practical strategies to manage hunger during a calorie deficit."">",""
"blog\ultimate-guide-fat-loss-part-49.html","TOO_LONG","157","173","Track fat loss progress accurately with multiple methods. Learn how to use the scale, body measurements, progress photos, and strength levels together for reliable tracking.","<meta name=""description"" content=""Track fat loss progress accurately with multiple methods. Learn how to use the scale, body measurements, progress photos, and strength levels together for reliable tracking."">",""
"blog\ultimate-guide-fat-loss-part-56.html","TOO_LONG","157","174","Resistance training during a calorie deficit preserves muscle and maximizes fat loss. Learn the best training approach for cutting, including intensity, volume, and recovery.","<meta name=""description"" content=""Resistance training during a calorie deficit preserves muscle and maximizes fat loss. Learn the best training approach for cutting, including intensity, volume, and recovery."">",""
"blog\ultimate-guide-fat-loss-part-57.html","TOO_LONG","157","165","Use cardio as a fat loss tool the right way. Compare HIIT vs LISS, learn optimal frequency and duration, and get a weekly periodization template for maximum results.","<meta name=""description"" content=""Use cardio as a fat loss tool the right way. Compare HIIT vs LISS, learn optimal frequency and duration, and get a weekly periodization template for maximum results."">",""
"blog\ultimate-guide-fat-loss-part-71.html","TOO_LONG","157","161","Systematic NEAT optimization protocol for fat loss. Learn how to track, maintain, and increase non-exercise activity thermogenesis with a step-by-step framework.","<meta name=""description"" content=""Systematic NEAT optimization protocol for fat loss. Learn how to track, maintain, and increase non-exercise activity thermogenesis with a step-by-step framework."">",""
"blog\ultimate-guide-fat-loss-part-97.html","TOO_LONG","157","166","Learn exactly how to calculate your fat loss calorie deficit. Step-by-step math from BMR to TDEE to deficit target, with adjustment protocols and real-world examples.","<meta name=""description"" content=""Learn exactly how to calculate your fat loss calorie deficit. Step-by-step math from BMR to TDEE to deficit target, with adjustment protocols and real-world examples."">",""
"blog\ultimate-guide-flexibility-part-41.html","TOO_LONG","6","167","Loosen a stiff lower back with targeted mobility exercises. Learn cat-cow, bird-dog, and foam rolling techniques to relieve lumbar stiffness and improve spinal health.","<meta name=""description"" content=""Loosen a stiff lower back with targeted mobility exercises. Learn cat-cow, bird-dog, and foam rolling techniques to relieve lumbar stiffness and improve spinal health."">",""
"blog\ultimate-guide-flexibility-part-50.html","TOO_LONG","6","163","Improve thoracic spine mobility and shoulder range of motion with targeted exercises. Fix rounded back posture, open your chest, and lift heavier with better form.","<meta name=""description"" content=""Improve thoracic spine mobility and shoulder range of motion with targeted exercises. Fix rounded back posture, open your chest, and lift heavier with better form."">",""
"blog\ultimate-guide-flexibility-part-73.html","TOO_LONG","6","168","Master foam rolling for faster recovery and better mobility. Learn proper self-myofascial release techniques for every major muscle group with science-backed protocols.","<meta name=""description"" content=""Master foam rolling for faster recovery and better mobility. Learn proper self-myofascial release techniques for every major muscle group with science-backed protocols."">",""
"blog\ultimate-guide-home-workouts-part-45.html","TOO_LONG","6","169","Build strong legs at home without weights. Learn bodyweight leg exercises, unilateral loading, pistol squat progressions, and home leg programming for size and strength.","<meta name=""description"" content=""Build strong legs at home without weights. Learn bodyweight leg exercises, unilateral loading, pistol squat progressions, and home leg programming for size and strength."">",""
"blog\ultimate-guide-home-workouts-part-53.html","TOO_LONG","6","164","Resistance bands are the most versatile home gym tool. Learn how to choose bands, use them for every muscle group, and program full-body band workouts for strength.","<meta name=""description"" content=""Resistance bands are the most versatile home gym tool. Learn how to choose bands, use them for every muscle group, and program full-body band workouts for strength."">",""
"blog\ultimate-guide-home-workouts-part-6.html","TOO_LONG","6","166","Build strength with bodyweight training. Learn calisthenics leverage principles, how to progressively overload without weights, and structure effective home workouts.","<meta name=""description"" content=""Build strength with bodyweight training. Learn calisthenics leverage principles, how to progressively overload without weights, and structure effective home workouts."">",""
"blog\ultimate-guide-home-workouts-part-93.html","TOO_LONG","157","161","Burn fat and build endurance with metabolic conditioning circuits at home. Learn how to structure HIIT, choose exercises, and program home conditioning workouts.","<meta name=""description"" content=""Burn fat and build endurance with metabolic conditioning circuits at home. Learn how to structure HIIT, choose exercises, and program home conditioning workouts."">",""
"blog\ultimate-guide-mindset-part-18.html","TOO_LONG","6","165","Stop letting friction and excuses kill your workouts. Learn how to identify training barriers, eliminate decision fatigue, and build unbreakable workout consistency.","<meta name=""description"" content=""Stop letting friction and excuses kill your workouts. Learn how to identify training barriers, eliminate decision fatigue, and build unbreakable workout consistency."">",""
"blog\ultimate-guide-mindset-part-4.html","TOO_LONG","157","164","Motivation fades ? discipline lasts. Learn why habits beat willpower for fitness success, how to build automatic routines, and when to use motivation strategically.","<meta name=""description"" content=""Motivation fades ? discipline lasts. Learn why habits beat willpower for fitness success, how to build automatic routines, and when to use motivation strategically."">",""
"blog\ultimate-guide-mindset-part-44.html","TOO_LONG","6","172","Never let travel or setbacks derail your fitness. Learn contingency planning for hotel workouts, illness recovery protocols, and how to maintain gains while away from home.","<meta name=""description"" content=""Never let travel or setbacks derail your fitness. Learn contingency planning for hotel workouts, illness recovery protocols, and how to maintain gains while away from home."">",""
"blog\ultimate-guide-mindset-part-46.html","TOO_LONG","6","168","Gym anxiety is common but conquerable. Learn practical strategies to overcome fear of judgment, build confidence in the weight room, and train comfortably from day one.","<meta name=""description"" content=""Gym anxiety is common but conquerable. Learn practical strategies to overcome fear of judgment, build confidence in the weight room, and train comfortably from day one."">",""
"blog\ultimate-guide-mindset-part-52.html","TOO_LONG","6","161","Train smarter with autoregulation using RIR and RPE. Learn how to adjust training intensity daily based on readiness, fatigue, and performance for maximum gains.","<meta name=""description"" content=""Train smarter with autoregulation using RIR and RPE. Learn how to adjust training intensity daily based on readiness, fatigue, and performance for maximum gains."">",""
"blog\ultimate-guide-mindset-part-54.html","TOO_LONG","6","161","Use visual consistency tracking to build unbreakable fitness habits. Learn calendar marking, habit chains, progress charts, and accountability systems that work.","<meta name=""description"" content=""Use visual consistency tracking to build unbreakable fitness habits. Learn calendar marking, habit chains, progress charts, and accountability systems that work."">",""
"blog\ultimate-guide-mindset-part-55.html","TOO_LONG","6","170","Central nervous system fatigue is the hidden cause of training plateaus. Learn how to manage CNS stress, recognize overtraining signs, and optimize recovery for strength.","<meta name=""description"" content=""Central nervous system fatigue is the hidden cause of training plateaus. Learn how to manage CNS stress, recognize overtraining signs, and optimize recovery for strength."">",""
"blog\ultimate-guide-mindset-part-7.html","TOO_LONG","6","162","Set SMART fitness goals and build micro-habits that stick. Learn how to create specific, measurable targets and tiny daily actions that compound into big results.","<meta name=""description"" content=""Set SMART fitness goals and build micro-habits that stick. Learn how to create specific, measurable targets and tiny daily actions that compound into big results."">",""
"blog\ultimate-guide-mindset-part-72.html","TOO_LONG","6","167","Build a champion mindset for lifelong fitness success. Learn how elite athletes think, develop mental resilience, and integrate fitness as a permanent lifestyle habit.","<meta name=""description"" content=""Build a champion mindset for lifelong fitness success. Learn how elite athletes think, develop mental resilience, and integrate fitness as a permanent lifestyle habit."">",""
"blog\ultimate-guide-mindset-part-88.html","TOO_LONG","157","172","Motivation gets you started ? systems keep you going. Learn why habit-based training outperforms willpower and how to design your environment for automatic fitness success.","<meta name=""description"" content=""Motivation gets you started ? systems keep you going. Learn why habit-based training outperforms willpower and how to design your environment for automatic fitness success."">",""
"blog\ultimate-guide-mindset-part-94.html","TOO_LONG","6","166","Combine SMART goal setting with micro-habits for unstoppable fitness progress. Learn how to set specific targets and build tiny habits that compound into big results.","<meta name=""description"" content=""Combine SMART goal setting with micro-habits for unstoppable fitness progress. Learn how to set specific targets and build tiny habits that compound into big results."">",""
"blog\ultimate-guide-mindset-part-95.html","TOO_LONG","157","182","Stop letting friction and excuses derail your training. Learn how to identify your specific barriers, design your environment for automatic action, and build bulletproof consistency.","<meta name=""description"" content=""Stop letting friction and excuses derail your training. Learn how to identify your specific barriers, design your environment for automatic action, and build bulletproof consistency."">",""
"blog\ultimate-guide-mindset-part-99.html","TOO_LONG","6","166","Master the mind-muscle connection for accelerated muscle growth. Learn advanced techniques, exercise-specific cues, and how to use neural drive to maximize every rep.","<meta name=""description"" content=""Master the mind-muscle connection for accelerated muscle growth. Learn advanced techniques, exercise-specific cues, and how to use neural drive to maximize every rep."">",""
"blog\ultimate-guide-muscle-gain-part-60.html","TOO_LONG","157","175","Should you train to failure on every set? Learn how rep ranges, proximity to failure, and load management impact hypertrophy and how to periodize intensity for maximum growth.","<meta name=""description"" content=""Should you train to failure on every set? Learn how rep ranges, proximity to failure, and load management impact hypertrophy and how to periodize intensity for maximum growth."">",""
"blog\ultimate-guide-muscle-gain-part-62.html","TOO_LONG","6","174","Mechanical tension is the primary driver of hypertrophy. Learn how to maximize muscle tension with tempo control, load selection, and mind-muscle connection for better gains.","<meta name=""description"" content=""Mechanical tension is the primary driver of hypertrophy. Learn how to maximize muscle tension with tempo control, load selection, and mind-muscle connection for better gains."">",""
"blog\ultimate-guide-muscle-gain-part-83.html","TOO_LONG","6","161","Hardgainers need specific strategies to build muscle. Learn calorie surplus targets, volume requirements, exercise selection, and programming tweaks for results.","<meta name=""description"" content=""Hardgainers need specific strategies to build muscle. Learn calorie surplus targets, volume requirements, exercise selection, and programming tweaks for results."">",""
"blog\ultimate-guide-muscle-gain-part-96.html","TOO_LONG","6","163","Muscle growth is driven by three primary mechanisms. Learn how mechanical tension, muscle damage, and metabolic stress stimulate hypertrophy and how to apply each.","<meta name=""description"" content=""Muscle growth is driven by three primary mechanisms. Learn how mechanical tension, muscle damage, and metabolic stress stimulate hypertrophy and how to apply each."">",""
"blog\ultimate-guide-recovery-part-59.html","TOO_LONG","6","169","Central nervous system fatigue is the hidden cause of training plateaus. Learn to identify CNS exhaustion signs and use recovery strategies to reset your nervous system.","<meta name=""description"" content=""Central nervous system fatigue is the hidden cause of training plateaus. Learn to identify CNS exhaustion signs and use recovery strategies to reset your nervous system."">",""
"blog\ultimate-guide-recovery-part-86.html","TOO_LONG","6","166","Plan effective deload weeks to maximize long-term progress. Learn when to deload, how to reduce volume, and return stronger than before with science-backed protocols.","<meta name=""description"" content=""Plan effective deload weeks to maximize long-term progress. Learn when to deload, how to reduce volume, and return stronger than before with science-backed protocols."">",""
"blog\ultimate-guide-strength-training-part-100.html","TOO_LONG","157","170","Strength is a neurological skill. Learn how your nervous system adapts to heavy lifting, recruits motor units, and drives rapid early strength gains before muscle growth.","<meta name=""description"" content=""Strength is a neurological skill. Learn how your nervous system adapts to heavy lifting, recruits motor units, and drives rapid early strength gains before muscle growth."">",""
"blog\ultimate-guide-strength-training-part-14.html","TOO_LONG","6","161","Master the squat with proper technique, bracing, and programming. Learn bar position, depth cues, hip hinge mechanics, and how to add 50lbs to your squat safely.","<meta name=""description"" content=""Master the squat with proper technique, bracing, and programming. Learn bar position, depth cues, hip hinge mechanics, and how to add 50lbs to your squat safely."">",""
"blog\ultimate-guide-strength-training-part-2.html","TOO_LONG","6","176","Strength is a neurological skill before it's a physical one. Learn how neuromuscular adaptation drives early strength gains and how to optimize neural drive for faster results.","<meta name=""description"" content=""Strength is a neurological skill before it's a physical one. Learn how neuromuscular adaptation drives early strength gains and how to optimize neural drive for faster results."">",""
"blog\ultimate-guide-strength-training-part-48.html","TOO_LONG","6","162","Master the Valsalva maneuver for safer, heavier lifts. Learn proper core bracing, intra-abdominal pressure, and when this technique should and should not be used.","<meta name=""description"" content=""Master the Valsalva maneuver for safer, heavier lifts. Learn proper core bracing, intra-abdominal pressure, and when this technique should and should not be used."">",""
"editorial-policy.html","TOO_LONG","7","170","GymTranning editorial policy: Our commitment to evidence-based, accurate fitness content. Learn about our writing standards, review process, and fact-checking procedures.","<meta name=""description"" content=""GymTranning editorial policy: Our commitment to evidence-based, accurate fitness content. Learn about our writing standards, review process, and fact-checking procedures."">",""
"index.html","DUPLICATE_TAGS","8","155","Free science-based workout plans, calorie calculator, and diet planner. Build custom routines, track macros, and achieve your fitness goals at GymTranning.","<meta name=""description"" content=""Free science-based workout plans, calorie calculator, and diet planner. Build custom routines, track macros, and achieve your fitness goals at GymTranning."">","<meta name=""description"" content=""Free science-based workout plans, calorie calculator, and diet planner. Build custom routines, track macros, and achieve your fitness goals at GymTranning."">"
